layout,n_colors,capacity,n_empty,steps,status,supported,samples,failed,attempts_mean,attempts_p99,rate_construction,rate_already_solved,rate_below_min_opt,rate_timeout,opt_mean,opt_p50,opt_p99,gen_ms_p50,gen_ms_p99,candidates,dead_ends,not_returned,extra_p50,extra_p90,extra_p99,extra_max
distributed,2,3,1,10,Complete,true,300,0,1.140,3,0.000000,0.076023,0.000000,0.000000,2.623,3,5,0.010,0.032,0,0,0,0,0,0,0
distributed,2,3,1,20,Complete,true,300,0,1.203,3,0.000000,0.069252,0.000000,0.000000,2.790,3,5,0.013,0.056,0,0,0,0,0,0,0
distributed,2,3,1,40,Complete,true,300,0,1.247,4,0.000000,0.077540,0.000000,0.000000,2.590,3,5,0.017,0.057,0,0,0,0,0,0,0
distributed,2,3,1,80,Complete,true,300,0,1.187,3,0.000000,0.061798,0.000000,0.000000,2.777,3,5,0.024,0.102,0,0,0,0,0,0,0
distributed,2,3,1,160,Complete,true,300,0,1.213,3,0.000000,0.090659,0.000000,0.000000,2.820,3,5,0.041,0.154,0,0,0,0,0,0,0
distributed,2,3,1,320,Complete,true,300,0,1.150,2,0.000000,0.060870,0.000000,0.000000,2.720,3,5,0.072,0.258,0,0,0,0,0,0,0
distributed,2,3,1,640,Complete,true,300,0,1.197,4,0.000000,0.061281,0.000000,0.000000,2.723,3,5,0.200,0.631,0,0,0,0,0,0,0
distributed,3,3,1,10,Complete,true,300,0,1.170,3,0.000000,0.014245,0.000000,0.000000,3.900,4,7,0.026,0.077,0,0,0,0,0,0,0
distributed,3,3,1,20,Complete,true,300,0,1.270,3,0.000000,0.005249,0.000000,0.000000,4.480,4,7,0.034,0.098,0,0,0,0,0,0,0
distributed,3,3,1,40,Complete,true,300,0,1.370,4,0.000000,0.000000,0.000000,0.000000,4.590,5,7,0.044,0.141,0,0,0,0,0,0,0
distributed,3,3,1,80,Complete,true,300,0,1.350,3,0.000000,0.000000,0.000000,0.000000,4.760,5,7,0.051,0.180,0,0,0,0,0,0,0
distributed,3,3,1,160,Complete,true,300,0,1.313,4,0.000000,0.002538,0.000000,0.000000,4.707,5,7,0.107,0.304,0,0,0,0,0,0,0
distributed,3,3,1,320,Complete,true,300,0,1.407,4,0.000000,0.000000,0.000000,0.000000,4.567,5,7,0.194,0.843,0,0,0,0,0,0,0
distributed,3,3,1,640,Complete,true,300,0,1.400,4,0.000000,0.000000,0.000000,0.000000,4.627,5,7,0.362,2.081,0,0,0,0,0,0,0
distributed,4,3,1,10,Complete,true,300,0,1.173,3,0.000000,0.005682,0.000000,0.000000,5.227,5,8,0.044,0.118,0,0,0,0,0,0,0
distributed,4,3,1,20,Complete,true,300,0,1.457,5,0.000000,0.000000,0.000000,0.000000,5.987,6,9,0.068,0.207,0,0,0,0,0,0,0
distributed,4,3,1,40,Complete,true,300,0,1.800,6,0.000000,0.000000,0.000000,0.000000,6.647,7,9,0.099,0.317,0,0,0,0,0,0,0
distributed,4,3,1,80,Complete,true,300,0,1.863,6,0.000000,0.000000,0.000000,0.000000,6.877,7,9,0.134,0.490,0,0,0,0,0,0,0
distributed,4,3,1,160,Complete,true,300,0,1.900,6,0.000000,0.000000,0.000000,0.000000,6.733,7,10,0.191,0.740,0,0,0,0,0,0,0
distributed,4,3,1,320,Complete,true,300,0,1.893,6,0.000000,0.000000,0.000000,0.000000,6.920,7,10,0.303,1.373,0,0,0,0,0,0,0
distributed,4,3,1,640,Complete,true,300,0,1.920,7,0.000000,0.000000,0.000000,0.000000,6.813,7,10,0.488,3.333,0,0,0,0,0,0,0
distributed,5,3,1,10,Complete,true,300,0,1.143,3,0.000000,0.011662,0.000000,0.000000,6.160,6,9,0.088,0.443,0,0,0,0,0,0,0
distributed,5,3,1,20,Complete,true,300,0,1.637,5,0.000000,0.000000,0.000000,0.000000,7.493,8,11,0.115,0.383,0,0,0,0,0,0,0
distributed,5,3,1,40,Complete,true,300,0,2.477,8,0.000000,0.000000,0.000000,0.000000,8.397,8,11,0.169,0.467,0,0,0,0,0,0,0
distributed,5,3,1,80,Complete,true,300,0,2.537,10,0.000000,0.000000,0.000000,0.000000,8.997,9,12,0.241,0.972,0,0,0,0,0,0,0
distributed,5,3,1,160,Complete,true,300,0,2.813,11,0.000000,0.000000,0.000000,0.000000,9.070,9,12,0.343,1.589,0,0,0,0,0,0,0
distributed,5,3,1,320,Complete,true,300,0,2.510,10,0.000000,0.000000,0.000000,0.000000,8.967,9,12,0.547,2.574,0,0,0,0,0,0,0
distributed,5,3,1,640,Complete,true,300,0,2.633,10,0.000000,0.000000,0.000000,0.000000,8.927,9,12,0.944,4.847,0,0,0,0,0,0,0
distributed,6,3,1,10,Complete,true,300,0,1.093,2,0.000000,0.003049,0.000000,0.000000,6.880,7,10,0.176,0.612,0,0,0,0,0,0,0
distributed,6,3,1,20,Complete,true,300,0,1.697,6,0.000000,0.000000,0.000000,0.000000,8.960,9,12,0.229,0.444,0,0,0,0,0,0,0
distributed,6,3,1,40,Complete,true,300,0,2.870,11,0.000000,0.000000,0.000000,0.000000,10.070,10,14,0.308,0.865,0,0,0,0,0,0,0
distributed,6,3,1,80,Complete,true,300,0,3.810,15,0.000000,0.000000,0.000000,0.000000,10.847,11,14,0.462,1.741,0,0,0,0,0,0,0
distributed,6,3,1,160,Complete,true,300,0,4.133,14,0.000000,0.000000,0.000000,0.000000,11.167,11,14,0.694,2.584,0,0,0,0,0,0,0
distributed,6,3,1,320,Complete,true,300,0,4.017,17,0.000000,0.000000,0.000000,0.000000,11.380,12,14,1.128,6.407,0,0,0,0,0,0,0
distributed,6,3,1,640,Complete,true,300,0,4.220,18,0.000000,0.000000,0.000000,0.000000,11.363,11,14,1.909,10.233,0,0,0,0,0,0,0
distributed,7,3,1,10,Complete,true,300,0,1.063,2,0.000000,0.003135,0.000000,0.000000,7.263,7,10,0.412,1.571,0,0,0,0,0,0,0
distributed,7,3,1,20,Complete,true,300,0,1.780,6,0.000000,0.000000,0.000000,0.000000,10.100,10,14,0.526,0.826,0,0,0,0,0,0,0
distributed,7,3,1,40,Complete,true,300,0,3.390,15,0.000000,0.000000,0.000000,0.000000,11.603,12,16,0.571,1.546,0,0,0,0,0,0,0
distributed,7,3,1,80,Complete,true,300,0,5.537,30,0.000000,0.000000,0.000000,0.000000,12.677,13,16,0.858,4.116,0,0,0,0,0,0,0
distributed,7,3,1,160,Complete,true,300,0,6.507,25,0.000000,0.000000,0.000000,0.000000,13.230,13,16,1.565,6.664,0,0,0,0,0,0,0
distributed,7,3,1,320,Complete,true,300,0,6.790,26,0.000000,0.000000,0.000000,0.000000,13.623,14,16,2.350,9.558,0,0,0,0,0,0,0
distributed,7,3,1,640,Complete,true,300,0,6.990,35,0.000000,0.000000,0.000000,0.000000,13.583,14,16,3.996,26.437,0,0,0,0,0,0,0
distributed,8,3,1,10,Complete,true,300,0,1.067,2,0.000000,0.003125,0.000000,0.000000,7.550,8,10,0.615,2.624,0,0,0,0,0,0,0
distributed,8,3,1,20,Complete,true,300,0,1.780,6,0.000000,0.000000,0.000000,0.000000,11.213,11,15,0.964,1.938,0,0,0,0,0,0,0
distributed,8,3,1,40,Complete,true,300,0,4.047,16,0.000000,0.000000,0.000000,0.000000,13.117,13,17,1.214,3.090,0,0,0,0,0,0,0
distributed,8,3,1,80,Complete,true,300,0,7.980,29,0.000000,0.000000,0.000000,0.000000,14.500,15,18,1.784,6.013,0,0,0,0,0,0,0
distributed,8,3,1,160,Complete,true,300,0,9.797,39,0.000000,0.000000,0.000000,0.000000,15.400,15,19,2.714,12.898,0,0,0,0,0,0,0
distributed,8,3,1,320,Complete,true,300,0,11.670,52,0.000000,0.000000,0.000000,0.000000,15.573,16,19,4.256,23.914,0,0,0,0,0,0,0
distributed,8,3,1,640,Complete,true,300,0,10.857,51,0.000000,0.000000,0.000000,0.000000,15.747,16,19,7.999,44.383,0,0,0,0,0,0,0
distributed,9,3,1,10,Complete,true,300,0,1.020,2,0.000000,0.000000,0.000000,0.000000,7.893,8,10,1.086,2.209,0,0,0,0,0,0,0
distributed,9,3,1,20,Complete,true,300,0,1.713,6,0.000000,0.000000,0.000000,0.000000,12.413,13,16,1.365,2.575,0,0,0,0,0,0,0
distributed,9,3,1,40,Complete,true,300,0,4.197,17,0.000000,0.000000,0.000000,0.000000,14.183,14,18,1.664,3.788,0,0,0,0,0,0,0
distributed,9,3,1,80,Complete,true,300,0,10.777,47,0.000000,0.000000,0.000000,0.000000,16.423,17,20,2.672,8.711,0,0,0,0,0,0,0
distributed,9,3,1,160,Complete,true,300,0,15.520,77,0.000000,0.000000,0.000000,0.000000,17.377,18,21,4.168,23.175,0,0,0,0,0,0,0
distributed,9,3,1,320,Complete,true,300,0,17.920,68,0.000000,0.000000,0.000000,0.000000,17.690,18,21,8.974,50.635,0,0,0,0,0,0,0
distributed,9,3,1,640,Complete,true,300,0,20.160,98,0.000000,0.000000,0.000000,0.000000,18.057,18,21,15.987,114.640,0,0,0,0,0,0,0
distributed,10,3,1,10,Complete,true,300,0,1.020,2,0.000000,0.003268,0.000000,0.000000,8.077,8,10,2.094,4.784,0,0,0,0,0,0,0
distributed,10,3,1,20,Complete,true,300,0,1.607,5,0.000000,0.000000,0.000000,0.000000,13.193,13,17,2.124,3.692,0,0,0,0,0,0,0
distributed,10,3,1,40,Complete,true,300,0,5.330,24,0.000000,0.000000,0.000000,0.000000,15.850,16,20,3.060,7.277,0,0,0,0,0,0,0
distributed,10,3,1,80,Complete,true,300,0,13.933,61,0.000000,0.000000,0.000000,0.000000,17.760,18,22,5.132,21.433,0,0,0,0,0,0,0
distributed,10,3,1,160,Complete,true,300,0,29.833,113,0.000000,0.000000,0.000000,0.000000,19.263,20,22,10.836,50.488,0,0,0,0,0,0,0
distributed,10,3,1,320,Complete,true,300,0,35.987,157,0.000000,0.000000,0.000000,0.000000,19.920,20,23,18.270,120.197,0,0,0,0,0,0,0
distributed,10,3,1,640,Complete,true,300,0,38.390,180,0.000000,0.000000,0.000000,0.000000,20.093,20,23,35.116,224.917,0,0,0,0,0,0,0
distributed,11,3,1,10,Complete,true,300,0,1.013,2,0.000000,0.000000,0.000000,0.000000,8.067,8,10,3.464,8.197,0,0,0,0,0,0,0
distributed,11,3,1,20,Complete,true,300,0,1.430,4,0.000000,0.000000,0.000000,0.000000,14.210,14,18,3.615,7.317,0,0,0,0,0,0,0
distributed,11,3,1,40,Complete,true,300,0,5.510,24,0.000000,0.000000,0.000000,0.000000,16.957,17,22,5.258,11.196,0,0,0,0,0,0,0
distributed,11,3,1,80,Complete,true,300,0,17.313,76,0.000000,0.000000,0.000000,0.000000,19.507,20,24,7.762,22.689,0,0,0,0,0,0,0
distributed,11,3,1,160,Complete,true,300,0,40.510,174,0.000000,0.000000,0.000000,0.000000,21.163,21,25,15.630,89.144,0,0,0,0,0,0,0
distributed,11,3,1,320,Complete,true,300,0,61.190,292,0.000000,0.000000,0.000000,0.000000,21.917,22,25,35.106,206.384,0,0,0,0,0,0,0
distributed,11,3,1,640,Complete,true,300,0,69.583,327,0.000000,0.000000,0.000000,0.000000,22.157,22,25,75.226,443.237,0,0,0,0,0,0,0
distributed,12,3,1,10,Complete,true,300,0,1.020,2,0.000000,0.000000,0.000000,0.000000,8.227,9,10,6.279,14.121,0,0,0,0,0,0,0
distributed,12,3,1,20,Complete,true,300,0,1.440,5,0.000000,0.000000,0.000000,0.000000,14.840,15,19,6.466,13.870,0,0,0,0,0,0,0
distributed,12,3,1,40,Complete,true,300,0,5.720,22,0.000000,0.000000,0.000000,0.000000,18.060,18,23,7.698,16.873,0,0,0,0,0,0,0
distributed,12,3,1,80,Complete,true,300,0,23.187,94,0.000000,0.000000,0.000000,0.000000,20.873,21,26,12.610,36.177,0,0,0,0,0,0,0
distributed,12,3,1,160,Complete,true,300,0,60.673,234,0.000000,0.000000,0.000000,0.000000,22.797,23,27,30.085,132.160,0,0,0,0,0,0,0
distributed,12,3,1,320,Complete,true,300,0,122.523,633,0.000000,0.000000,0.000000,0.000000,24.010,24,28,73.271,574.843,0,0,0,0,0,0,0
distributed,12,3,1,640,Complete,false,300,0,132.290,634,0.000000,0.000000,0.000000,0.000000,24.280,24,27,147.174,1007.792,0,0,0,0,0,0,0
distributed,2,3,2,10,Complete,true,300,0,1.047,2,0.000000,0.044586,0.000000,0.000000,2.487,2,4,0.020,0.061,0,0,0,0,0,0,0
distributed,2,3,2,20,Complete,true,300,0,1.020,2,0.000000,0.019608,0.000000,0.000000,2.810,3,5,0.029,0.059,0,0,0,0,0,0,0
distributed,2,3,2,40,Complete,true,300,0,1.053,2,0.000000,0.050633,0.000000,0.000000,2.830,3,4,0.043,0.089,0,0,0,0,0,0,0
distributed,2,3,2,80,Complete,true,300,0,1.027,2,0.000000,0.025974,0.000000,0.000000,2.887,3,5,0.072,0.139,0,0,0,0,0,0,0
distributed,2,3,2,160,Complete,true,300,0,1.017,2,0.000000,0.016393,0.000000,0.000000,2.890,3,4,0.125,0.248,0,0,0,0,0,0,0
distributed,2,3,2,320,Complete,true,300,0,1.010,1,0.000000,0.009901,0.000000,0.000000,2.800,3,5,0.232,0.287,0,0,0,0,0,0,0
distributed,2,3,2,640,Complete,true,300,0,1.010,1,0.000000,0.009901,0.000000,0.000000,2.743,3,4,0.447,0.557,0,0,0,0,0,0,0
distributed,3,3,2,10,Complete,true,300,0,1.003,1,0.000000,0.003322,0.000000,0.000000,3.803,4,6,0.038,0.076,0,0,0,0,0,0,0
distributed,3,3,2,20,Complete,true,300,0,1.000,1,0.000000,0.000000,0.000000,0.000000,4.607,5,7,0.055,0.094,0,0,0,0,0,0,0
distributed,3,3,2,40,Complete,true,300,0,1.003,1,0.000000,0.003322,0.000000,0.000000,4.880,5,7,0.077,0.130,0,0,0,0,0,0,0
distributed,3,3,2,80,Complete,true,300,0,1.000,1,0.000000,0.000000,0.000000,0.000000,5.017,5,7,0.099,0.279,0,0,0,0,0,0,0
distributed,3,3,2,160,Complete,true,300,0,1.000,1,0.000000,0.000000,0.000000,0.000000,5.017,5,7,0.148,0.216,0,0,0,0,0,0,0
distributed,3,3,2,320,Complete,true,300,0,1.003,1,0.000000,0.003322,0.000000,0.000000,4.967,5,7,0.268,0.776,0,0,0,0,0,0,0
distributed,3,3,2,640,Complete,true,300,0,1.000,1,0.000000,0.000000,0.000000,0.000000,4.833,5,7,0.510,1.248,0,0,0,0,0,0,0
distributed,4,3,2,10,Complete,true,300,0,1.010,1,0.000000,0.009901,0.000000,0.000000,4.687,5,8,0.071,0.139,0,0,0,0,0,0,0
distributed,4,3,2,20,Complete,true,300,0,1.000,1,0.000000,0.000000,0.000000,0.000000,6.053,6,9,0.099,0.207,0,0,0,0,0,0,0
distributed,4,3,2,40,Complete,true,300,0,1.000,1,0.000000,0.000000,0.000000,0.000000,6.937,7,9,0.134,0.277,0,0,0,0,0,0,0
distributed,4,3,2,80,Complete,true,300,0,1.000,1,0.000000,0.000000,0.000000,0.000000,7.247,7,10,0.179,0.454,0,0,0,0,0,0,0
distributed,4,3,2,160,Complete,true,300,0,1.003,1,0.000000,0.000000,0.000000,0.000000,7.193,7,10,0.252,0.445,0,0,0,0,0,0,0
distributed,4,3,2,320,Complete,true,300,0,1.000,1,0.000000,0.000000,0.000000,0.000000,7.267,7,10,0.404,1.064,0,0,0,0,0,0,0
distributed,4,3,2,640,Complete,true,300,0,1.000,1,0.000000,0.000000,0.000000,0.000000,7.277,7,10,0.738,1.407,0,0,0,0,0,0,0
distributed,5,3,2,10,Complete,true,300,0,1.007,1,0.000000,0.006623,0.000000,0.000000,5.403,5,9,0.153,0.397,0,0,0,0,0,0,0
distributed,5,3,2,20,Complete,true,300,0,1.003,1,0.000000,0.000000,0.000000,0.000000,7.840,8,11,0.208,0.494,0,0,0,0,0,0,0
distributed,5,3,2,40,Complete,true,300,0,1.007,1,0.000000,0.000000,0.000000,0.000000,8.853,9,12,0.223,0.503,0,0,0,0,0,0,0
distributed,5,3,2,80,Complete,true,300,0,1.000,1,0.000000,0.000000,0.000000,0.000000,9.390,9,12,0.286,1.013,0,0,0,0,0,0,0
distributed,5,3,2,160,Complete,true,300,0,1.003,1,0.000000,0.000000,0.000000,0.000000,9.437,10,12,0.415,0.839,0,0,0,0,0,0,0
distributed,5,3,2,320,Complete,true,300,0,1.000,1,0.000000,0.000000,0.000000,0.000000,9.523,10,12,0.620,1.083,0,0,0,0,0,0,0
distributed,5,3,2,640,Complete,true,300,0,1.007,1,0.000000,0.000000,0.000000,0.000000,9.457,10,12,1.294,1.838,0,0,0,0,0,0,0
distributed,6,3,2,10,Complete,true,300,0,1.007,1,0.000000,0.006623,0.000000,0.000000,5.887,6,9,0.373,1.903,0,0,0,0,0,0,0
distributed,6,3,2,20,Complete,true,300,0,1.007,1,0.000000,0.000000,0.000000,0.000000,9.177,9,13,0.457,2.004,0,0,0,0,0,0,0
distributed,6,3,2,40,Complete,true,300,0,1.003,1,0.000000,0.000000,0.000000,0.000000,10.737,11,14,0.614,1.586,0,0,0,0,0,0,0
distributed,6,3,2,80,Complete,true,300,0,1.017,2,0.000000,0.000000,0.000000,0.000000,11.690,12,14,0.686,2.159,0,0,0,0,0,0,0
distributed,6,3,2,160,Complete,true,300,0,1.013,2,0.000000,0.000000,0.000000,0.000000,11.837,12,14,0.682,1.891,0,0,0,0,0,0,0
distributed,6,3,2,320,Complete,true,300,0,1.017,2,0.000000,0.000000,0.000000,0.000000,11.913,12,15,0.918,1.961,0,0,0,0,0,0,0
distributed,6,3,2,640,Complete,true,300,0,1.013,2,0.000000,0.000000,0.000000,0.000000,11.687,12,14,1.367,2.356,0,0,0,0,0,0,0
distributed,7,3,2,10,Complete,true,300,0,1.010,1,0.000000,0.009901,0.000000,0.000000,6.313,6,10,0.600,1.214,0,0,0,0,0,0,0
distributed,7,3,2,20,Complete,true,300,0,1.010,1,0.000000,0.000000,0.000000,0.000000,10.477,11,14,0.704,1.631,0,0,0,0,0,0,0
distributed,7,3,2,40,Complete,true,300,0,1.010,1,0.000000,0.000000,0.000000,0.000000,12.557,13,16,0.960,3.623,0,0,0,0,0,0,0
distributed,7,3,2,80,Complete,true,300,0,1.013,2,0.000000,0.000000,0.000000,0.000000,13.737,14,17,0.943,3.412,0,0,0,0,0,0,0
distributed,7,3,2,160,Complete,true,300,0,1.033,2,0.000000,0.000000,0.000000,0.000000,14.133,14,17,1.424,6.041,0,0,0,0,0,0,0
distributed,7,3,2,320,Complete,true,300,0,1.017,2,0.000000,0.000000,0.000000,0.000000,14.127,14,16,1.557,4.772,0,0,0,0,0,0,0
distributed,7,3,2,640,Complete,true,300,0,1.007,1,0.000000,0.000000,0.000000,0.000000,13.960,14,17,2.058,4.515,0,0,0,0,0,0,0
distributed,8,3,2,10,Complete,true,300,0,1.000,1,0.000000,0.000000,0.000000,0.000000,6.557,7,10,1.282,2.501,0,0,0,0,0,0,0
distributed,8,3,2,20,Complete,true,300,0,1.010,1,0.000000,0.000000,0.000000,0.000000,11.493,12,16,1.751,4.532,0,0,0,0,0,0,0
distributed,8,3,2,40,Complete,true,300,0,1.027,2,0.000000,0.000000,0.000000,0.000000,14.250,14,18,2.057,7.858,0,0,0,0,0,0,0
distributed,8,3,2,80,Complete,true,300,0,1.013,2,0.000000,0.000000,0.000000,0.000000,16.050,16,19,2.267,10.425,0,0,0,0,0,0,0
distributed,8,3,2,160,Complete,true,300,0,1.043,2,0.000000,0.000000,0.000000,0.000000,16.257,16,19,2.362,12.587,0,0,0,0,0,0,0
distributed,8,3,2,320,Complete,true,300,0,1.027,2,0.000000,0.000000,0.000000,0.000000,16.460,16,19,2.510,8.232,0,0,0,0,0,0,0
distributed,8,3,2,640,Complete,true,300,0,1.027,2,0.000000,0.000000,0.000000,0.000000,16.323,16,19,3.325,10.676,0,0,0,0,0,0,0
distributed,9,3,2,10,Complete,true,300,0,1.003,1,0.000000,0.003322,0.000000,0.000000,6.737,7,10,2.387,4.957,0,0,0,0,0,0,0
distributed,9,3,2,20,Complete,true,300,0,1.003,1,0.000000,0.000000,0.000000,0.000000,12.250,12,17,2.618,9.281,0,0,0,0,0,0,0
distributed,9,3,2,40,Complete,true,300,0,1.043,2,0.000000,0.000000,0.000000,0.000000,15.610,16,20,3.323,15.113,0,0,0,0,0,0,0
distributed,9,3,2,80,Complete,true,300,0,1.037,2,0.000000,0.000000,0.000000,0.000000,17.840,18,21,3.603,16.022,0,0,0,0,0,0,0
distributed,9,3,2,160,Complete,true,300,0,1.060,2,0.000000,0.000000,0.000000,0.000000,18.540,19,21,3.948,19.031,0,0,0,0,0,0,0
distributed,9,3,2,320,Complete,true,300,0,1.077,2,0.000000,0.000000,0.000000,0.000000,18.687,19,22,4.768,24.118,0,0,0,0,0,0,0
distributed,9,3,2,640,Complete,true,300,0,1.047,2,0.000000,0.000000,0.000000,0.000000,18.630,19,22,5.554,24.205,0,0,0,0,0,0,0
distributed,10,3,2,10,Complete,true,300,0,1.000,1,0.000000,0.000000,0.000000,0.000000,6.827,7,10,4.004,8.294,0,0,0,0,0,0,0
distributed,10,3,2,20,Complete,true,300,0,1.017,2,0.000000,0.000000,0.000000,0.000000,13.163,13,17,5.252,10.693,0,0,0,0,0,0,0
distributed,10,3,2,40,Complete,true,300,0,1.060,2,0.000000,0.000000,0.000000,0.000000,17.440,17,22,5.744,22.094,0,0,0,0,0,0,0
distributed,10,3,2,80,Complete,true,300,0,1.070,2,0.000000,0.000000,0.000000,0.000000,19.923,20,24,6.578,28.958,0,0,0,0,0,0,0
distributed,10,3,2,160,Complete,true,300,0,1.050,2,0.000000,0.000000,0.000000,0.000000,20.837,21,24,7.657,44.986,0,0,0,0,0,0,0
distributed,10,3,2,320,Complete,true,300,0,1.060,2,0.000000,0.000000,0.000000,0.000000,20.913,21,24,7.874,39.445,0,0,0,0,0,0,0
distributed,10,3,2,640,Complete,true,300,0,1.047,2,0.000000,0.000000,0.000000,0.000000,20.723,21,24,8.884,25.403,0,0,0,0,0,0,0
distributed,11,3,2,10,Complete,true,300,0,1.003,1,0.000000,0.003322,0.000000,0.000000,7.107,7,10,8.007,16.966,0,0,0,0,0,0,0
distributed,11,3,2,20,Complete,true,300,0,1.017,2,0.000000,0.000000,0.000000,0.000000,13.833,14,18,10.043,21.762,0,0,0,0,0,0,0
distributed,11,3,2,40,Complete,true,300,0,1.093,2,0.000000,0.000000,0.000000,0.000000,18.647,19,23,10.996,25.409,0,0,0,0,0,0,0
distributed,11,3,2,80,Complete,true,300,0,1.110,2,0.000000,0.000000,0.000000,0.000000,21.597,22,25,13.367,54.833,0,0,0,0,0,0,0
distributed,11,3,2,160,Complete,true,300,0,1.103,2,0.000000,0.000000,0.000000,0.000000,23.053,23,27,14.489,60.122,0,0,0,0,0,0,0
distributed,11,3,2,320,Complete,true,300,0,1.070,2,0.000000,0.000000,0.000000,0.000000,23.170,23,26,14.668,63.121,0,0,0,0,0,0,0
distributed,11,3,2,640,Complete,true,300,0,1.060,2,0.000000,0.000000,0.000000,0.000000,23.277,23,27,16.043,61.061,0,0,0,0,0,0,0
distributed,12,3,2,10,Complete,true,300,0,1.000,1,0.000000,0.000000,0.000000,0.000000,7.183,7,10,13.333,28.926,0,0,0,0,0,0,0
distributed,12,3,2,20,Complete,true,300,0,1.013,2,0.000000,0.000000,0.000000,0.000000,14.307,14,18,15.048,37.180,0,0,0,0,0,0,0
distributed,12,3,2,40,Complete,true,300,0,1.097,2,0.000000,0.000000,0.000000,0.000000,20.093,20,24,18.840,58.288,0,0,0,0,0,0,0
distributed,12,3,2,80,Complete,true,300,0,1.103,3,0.000000,0.000000,0.000000,0.000000,23.493,24,28,24.299,122.700,0,0,0,0,0,0,0
distributed,12,3,2,160,Complete,true,300,0,1.097,2,0.000000,0.000000,0.000000,0.000000,25.307,25,29,28.194,138.907,0,0,0,0,0,0,0
distributed,12,3,2,320,Complete,true,300,0,1.107,2,0.000000,0.000000,0.000000,0.000000,25.653,26,29,25.529,146.862,0,0,0,0,0,0,0
distributed,12,3,2,640,Complete,true,300,0,1.117,2,0.000000,0.000000,0.000000,0.000000,25.530,26,29,26.627,138.300,0,0,0,0,0,0,0
distributed,2,4,1,10,Complete,true,300,0,1.097,2,0.000000,0.018237,0.000000,0.000000,3.207,3,6,0.012,0.042,0,0,0,0,0,0,0
distributed,2,4,1,20,Complete,true,300,0,1.143,2,0.000000,0.023324,0.000000,0.000000,3.537,3,6,0.016,0.042,0,0,0,0,0,0,0
distributed,2,4,1,40,Complete,true,300,0,1.140,3,0.000000,0.026316,0.000000,0.000000,3.687,4,7,0.020,0.053,0,0,0,0,0,0,0
distributed,2,4,1,80,Complete,true,300,0,1.163,3,0.000000,0.031519,0.000000,0.000000,3.653,4,7,0.031,0.087,0,0,0,0,0,0,0
distributed,2,4,1,160,Complete,true,300,0,1.200,3,0.000000,0.022222,0.000000,0.000000,3.687,4,6,0.053,0.194,0,0,0,0,0,0,0
distributed,2,4,1,320,Complete,true,300,0,1.163,3,0.000000,0.020057,0.000000,0.000000,3.637,4,6,0.090,0.268,0,0,0,0,0,0,0
distributed,2,4,1,640,Complete,true,300,0,1.190,3,0.000000,0.008403,0.000000,0.000000,3.570,4,6,0.172,0.566,0,0,0,0,0,0,0
distributed,3,4,1,10,Complete,true,300,0,1.083,2,0.000000,0.006154,0.000000,0.000000,4.893,5,8,0.029,0.066,0,0,0,0,0,0,0
distributed,3,4,1,20,Complete,true,300,0,1.317,4,0.000000,0.000000,0.000000,0.000000,5.550,6,9,0.044,0.106,0,0,0,0,0,0,0
distributed,3,4,1,40,Complete,true,300,0,1.480,5,0.000000,0.000000,0.000000,0.000000,6.170,6,10,0.061,0.197,0,0,0,0,0,0,0
distributed,3,4,1,80,Complete,true,300,0,1.520,4,0.000000,0.000000,0.000000,0.000000,6.527,7,10,0.091,0.317,0,0,0,0,0,0,0
distributed,3,4,1,160,Complete,true,300,0,1.540,5,0.000000,0.000000,0.000000,0.000000,6.803,7,10,0.141,0.512,0,0,0,0,0,0,0
distributed,3,4,1,320,Complete,true,300,0,1.547,5,0.000000,0.000000,0.000000,0.000000,6.977,7,10,0.242,1.004,0,0,0,0,0,0,0
distributed,3,4,1,640,Complete,true,300,0,1.640,5,0.000000,0.000000,0.000000,0.000000,6.890,7,10,0.438,1.684,0,0,0,0,0,0,0
distributed,4,4,1,10,Complete,true,300,0,1.133,2,0.000000,0.002941,0.000000,0.000000,5.980,6,9,0.054,0.103,0,0,0,0,0,0,0
distributed,4,4,1,20,Complete,true,300,0,1.390,4,0.000000,0.000000,0.000000,0.000000,7.350,7,11,0.069,0.167,0,0,0,0,0,0,0
distributed,4,4,1,40,Complete,true,300,0,1.913,7,0.000000,0.000000,0.000000,0.000000,8.370,8,12,0.109,0.394,0,0,0,0,0,0,0
distributed,4,4,1,80,Complete,true,300,0,2.380,8,0.000000,0.000000,0.000000,0.000000,9.230,9,13,0.175,0.682,0,0,0,0,0,0,0
distributed,4,4,1,160,Complete,true,300,0,2.510,9,0.000000,0.000000,0.000000,0.000000,9.753,10,13,0.273,1.280,0,0,0,0,0,0,0
distributed,4,4,1,320,Complete,true,300,0,2.557,9,0.000000,0.000000,0.000000,0.000000,9.993,10,14,0.479,2.619,0,0,0,0,0,0,0
distributed,4,4,1,640,Complete,true,300,0,2.513,9,0.000000,0.000000,0.000000,0.000000,10.110,10,13,0.845,5.411,0,0,0,0,0,0,0
distributed,5,4,1,10,Complete,true,300,0,1.067,2,0.000000,0.000000,0.000000,0.000000,6.800,7,10,0.096,0.188,0,0,0,0,0,0,0
distributed,5,4,1,20,Complete,true,300,0,1.500,5,0.000000,0.000000,0.000000,0.000000,8.860,9,12,0.130,0.297,0,0,0,0,0,0,0
distributed,5,4,1,40,Complete,true,300,0,2.153,7,0.000000,0.000000,0.000000,0.000000,10.130,10,14,0.195,0.582,0,0,0,0,0,0,0
distributed,5,4,1,80,Complete,true,300,0,3.153,11,0.000000,0.000000,0.000000,0.000000,11.360,11,16,0.377,1.297,0,0,0,0,0,0,0
distributed,5,4,1,160,Complete,true,300,0,3.957,16,0.000000,0.000000,0.000000,0.000000,12.470,13,16,0.579,2.932,0,0,0,0,0,0,0
distributed,5,4,1,320,Complete,true,300,0,4.257,13,0.000000,0.000000,0.000000,0.000000,13.223,13,17,1.066,5.232,0,0,0,0,0,0,0
distributed,5,4,1,640,Complete,true,300,0,4.347,20,0.000000,0.000000,0.000000,0.000000,13.283,13,17,1.703,9.558,0,0,0,0,0,0,0
distributed,6,4,1,10,Complete,true,300,0,1.027,2,0.000000,0.000000,0.000000,0.000000,7.543,8,10,0.171,0.271,0,0,0,0,0,0,0
distributed,6,4,1,20,Complete,true,300,0,1.567,5,0.000000,0.000000,0.000000,0.000000,9.887,10,14,0.205,0.411,0,0,0,0,0,0,0
distributed,6,4,1,40,Complete,true,300,0,2.730,10,0.000000,0.000000,0.000000,0.000000,11.813,12,16,0.315,1.046,0,0,0,0,0,0,0
distributed,6,4,1,80,Complete,true,300,0,4.727,19,0.000000,0.000000,0.000000,0.000000,13.450,13,18,0.652,2.454,0,0,0,0,0,0,0
distributed,6,4,1,160,Complete,true,300,0,6.613,32,0.000000,0.000000,0.000000,0.000000,14.863,15,19,1.168,6.637,0,0,0,0,0,0,0
distributed,6,4,1,320,Complete,true,300,0,8.300,36,0.000000,0.000000,0.000000,0.000000,16.033,16,20,2.290,14.132,0,0,0,0,0,0,0
distributed,6,4,1,640,Complete,true,300,0,9.163,35,0.000000,0.000000,0.000000,0.000000,16.427,16,20,4.770,26.140,0,0,0,0,0,0,0
distributed,7,4,1,10,Complete,true,300,0,1.010,1,0.000000,0.000000,0.000000,0.000000,7.913,8,10,0.329,0.698,0,0,0,0,0,0,0
distributed,7,4,1,20,Complete,true,300,0,1.457,5,0.000000,0.000000,0.000000,0.000000,11.460,11,16,0.419,1.151,0,0,0,0,0,0,0
distributed,7,4,1,40,Complete,true,300,0,3.273,13,0.000000,0.000000,0.000000,0.000000,13.380,13,18,0.632,2.284,0,0,0,0,0,0,0
distributed,7,4,1,80,Complete,true,300,0,6.743,26,0.000000,0.000000,0.000000,0.000000,15.117,15,20,1.283,5.792,0,0,0,0,0,0,0
distributed,7,4,1,160,Complete,true,300,0,12.127,47,0.000000,0.000000,0.000000,0.000000,17.197,17,22,2.573,11.606,0,0,0,0,0,0,0
distributed,7,4,1,320,Complete,true,300,0,17.473,67,0.000000,0.000000,0.000000,0.000000,18.513,18,23,6.492,37.779,0,0,0,0,0,0,0
distributed,7,4,1,640,Complete,true,300,0,18.433,68,0.000000,0.000000,0.000000,0.000000,19.577,19,23,12.023,68.740,0,0,0,0,0,0,0
distributed,8,4,1,10,Complete,true,300,0,1.013,2,0.000000,0.000000,0.000000,0.000000,8.267,8,10,0.622,1.481,0,0,0,0,0,0,0
distributed,8,4,1,20,Complete,true,300,0,1.383,4,0.000000,0.000000,0.000000,0.000000,12.593,13,17,0.684,1.292,0,0,0,0,0,0,0
distributed,8,4,1,40,Complete,true,300,0,3.363,14,0.000000,0.000000,0.000000,0.000000,14.600,15,19,1.055,2.653,0,0,0,0,0,0,0
distributed,8,4,1,80,Complete,true,300,0,8.603,33,0.000000,0.000000,0.000000,0.000000,16.793,17,22,2.036,7.719,0,0,0,0,0,0,0
distributed,8,4,1,160,Complete,true,300,0,21.683,90,0.000000,0.000000,0.000000,0.000000,19.113,19,24,5.356,30.046,0,0,0,0,0,0,0
distributed,8,4,1,320,Complete,true,300,0,36.863,194,0.000000,0.000000,0.000000,0.000000,20.777,21,25,13.576,101.676,0,0,0,0,0,0,0
distributed,8,4,1,640,Complete,true,300,0,44.403,217,0.000000,0.000000,0.000000,0.000000,22.020,22,26,29.631,229.619,0,0,0,0,0,0,0
distributed,9,4,1,10,Complete,true,300,0,1.013,2,0.000000,0.000000,0.000000,0.000000,8.423,9,10,1.246,2.844,0,0,0,0,0,0,0
distributed,9,4,1,20,Complete,true,300,0,1.370,3,0.000000,0.000000,0.000000,0.000000,13.870,14,18,1.316,2.654,0,0,0,0,0,0,0
distributed,9,4,1,40,Complete,true,300,0,3.693,17,0.000000,0.000000,0.000000,0.000000,16.033,16,21,1.778,5.137,0,0,0,0,0,0,0
distributed,9,4,1,80,Complete,true,300,0,11.673,53,0.000000,0.000000,0.000000,0.000000,18.603,19,25,3.409,15.281,0,0,0,0,0,0,0
distributed,9,4,1,160,Complete,true,300,0,34.920,152,0.000000,0.000000,0.000000,0.000000,20.903,21,27,13.102,77.050,0,0,0,0,0,0,0
distributed,9,4,1,320,Complete,true,300,0,84.103,334,0.000000,0.000000,0.000000,0.000000,23.313,23,28,38.009,199.806,0,0,0,0,0,0,0
distributed,9,4,1,640,Complete,true,300,0,103.853,542,0.000000,0.000000,0.000000,0.000000,25.167,25,29,84.856,590.663,0,0,0,0,0,0,0
distributed,2,4,2,10,Complete,true,300,0,1.020,2,0.000000,0.019608,0.000000,0.000000,3.213,3,6,0.024,0.071,0,0,0,0,0,0,0
distributed,2,4,2,20,Complete,true,300,0,1.010,1,0.000000,0.009901,0.000000,0.000000,3.647,4,6,0.037,0.080,0,0,0,0,0,0,0
distributed,2,4,2,40,Complete,true,300,0,1.007,1,0.000000,0.006623,0.000000,0.000000,3.903,4,6,0.053,0.103,0,0,0,0,0,0,0
distributed,2,4,2,80,Complete,true,300,0,1.010,1,0.000000,0.009901,0.000000,0.000000,3.853,4,6,0.087,0.237,0,0,0,0,0,0,0
distributed,2,4,2,160,Complete,true,300,0,1.007,1,0.000000,0.006623,0.000000,0.000000,4.037,4,6,0.114,0.690,0,0,0,0,0,0,0
distributed,2,4,2,320,Complete,true,300,0,1.003,1,0.000000,0.003322,0.000000,0.000000,3.923,4,6,0.202,2.021,0,0,0,0,0,0,0
distributed,2,4,2,640,Complete,true,300,0,1.000,1,0.000000,0.000000,0.000000,0.000000,3.863,4,7,0.559,0.969,0,0,0,0,0,0,0
distributed,3,4,2,10,Complete,true,300,0,1.010,1,0.000000,0.009901,0.000000,0.000000,4.663,5,8,0.045,0.101,0,0,0,0,0,0,0
distributed,3,4,2,20,Complete,true,300,0,1.000,1,0.000000,0.000000,0.000000,0.000000,5.933,6,9,0.064,0.361,0,0,0,0,0,0,0
distributed,3,4,2,40,Complete,true,300,0,1.000,1,0.000000,0.000000,0.000000,0.000000,6.680,7,10,0.087,0.168,0,0,0,0,0,0,0
distributed,3,4,2,80,Complete,true,300,0,1.000,1,0.000000,0.000000,0.000000,0.000000,7.053,7,10,0.125,0.242,0,0,0,0,0,0,0
distributed,3,4,2,160,Complete,true,300,0,1.000,1,0.000000,0.000000,0.000000,0.000000,7.107,7,10,0.190,0.430,0,0,0,0,0,0,0
distributed,3,4,2,320,Complete,true,300,0,1.000,1,0.000000,0.000000,0.000000,0.000000,7.053,7,10,0.321,0.607,0,0,0,0,0,0,0
distributed,3,4,2,640,Complete,true,300,0,1.000,1,0.000000,0.000000,0.000000,0.000000,6.977,7,10,0.579,1.311,0,0,0,0,0,0,0
distributed,4,4,2,10,Complete,true,300,0,1.003,1,0.000000,0.003322,0.000000,0.000000,5.877,6,9,0.093,0.602,0,0,0,0,0,0,0
distributed,4,4,2,20,Complete,true,300,0,1.000,1,0.000000,0.000000,0.000000,0.000000,7.997,8,11,0.129,0.523,0,0,0,0,0,0,0
distributed,4,4,2,40,Complete,true,300,0,1.000,1,0.000000,0.000000,0.000000,0.000000,9.163,9,13,0.167,0.432,0,0,0,0,0,0,0
distributed,4,4,2,80,Complete,true,300,0,1.000,1,0.000000,0.000000,0.000000,0.000000,9.967,10,13,0.210,0.732,0,0,0,0,0,0,0
distributed,4,4,2,160,Complete,true,300,0,1.000,1,0.000000,0.000000,0.000000,0.000000,10.303,10,13,0.320,1.210,0,0,0,0,0,0,0
distributed,4,4,2,320,Complete,true,300,0,1.000,1,0.000000,0.000000,0.000000,0.000000,10.383,11,13,0.515,1.860,0,0,0,0,0,0,0
distributed,4,4,2,640,Complete,true,300,0,1.000,1,0.000000,0.000000,0.000000,0.000000,10.287,10,13,1.102,1.778,0,0,0,0,0,0,0
distributed,5,4,2,10,Complete,true,300,0,1.000,1,0.000000,0.000000,0.000000,0.000000,6.433,7,10,0.183,0.404,0,0,0,0,0,0,0
distributed,5,4,2,20,Complete,true,300,0,1.000,1,0.000000,0.000000,0.000000,0.000000,9.697,10,14,0.244,1.006,0,0,0,0,0,0,0
distributed,5,4,2,40,Complete,true,300,0,1.003,1,0.000000,0.000000,0.000000,0.000000,11.387,12,15,0.291,1.271,0,0,0,0,0,0,0
distributed,5,4,2,80,Complete,true,300,0,1.010,1,0.000000,0.000000,0.000000,0.000000,12.733,13,16,0.387,1.706,0,0,0,0,0,0,0
distributed,5,4,2,160,Complete,true,300,0,1.003,1,0.000000,0.000000,0.000000,0.000000,13.480,14,16,0.500,1.927,0,0,0,0,0,0,0
distributed,5,4,2,320,Complete,true,300,0,1.007,1,0.000000,0.000000,0.000000,0.000000,13.643,14,17,0.749,3.620,0,0,0,0,0,0,0
distributed,5,4,2,640,Complete,true,300,0,1.003,1,0.000000,0.000000,0.000000,0.000000,13.383,13,16,1.117,3.391,0,0,0,0,0,0,0
distributed,6,4,2,10,Complete,true,300,0,1.003,1,0.000000,0.000000,0.000000,0.000000,6.897,7,10,0.334,0.585,0,0,0,0,0,0,0
distributed,6,4,2,20,Complete,true,300,0,1.000,1,0.000000,0.000000,0.000000,0.000000,11.120,11,15,0.459,1.855,0,0,0,0,0,0,0
distributed,6,4,2,40,Complete,true,300,0,1.003,1,0.000000,0.000000,0.000000,0.000000,13.567,14,17,0.574,2.739,0,0,0,0,0,0,0
distributed,6,4,2,80,Complete,true,300,0,1.003,1,0.000000,0.000000,0.000000,0.000000,15.303,15,19,0.772,5.499,0,0,0,0,0,0,0
distributed,6,4,2,160,Complete,true,300,0,1.000,1,0.000000,0.000000,0.000000,0.000000,16.380,16,20,1.022,7.887,0,0,0,0,0,0,0
distributed,6,4,2,320,Complete,true,300,0,1.010,1,0.000000,0.000000,0.000000,0.000000,16.703,17,20,1.176,7.037,0,0,0,0,0,0,0
distributed,6,4,2,640,Complete,true,300,0,1.017,2,0.000000,0.000000,0.000000,0.000000,16.733,17,20,1.666,7.339,0,0,0,0,0,0,0
distributed,7,4,2,10,Complete,true,300,0,1.003,1,0.000000,0.003322,0.000000,0.000000,7.313,7,10,0.621,0.990,0,0,0,0,0,0,0
distributed,7,4,2,20,Complete,true,300,0,1.010,1,0.000000,0.000000,0.000000,0.000000,12.420,12,16,0.812,2.834,0,0,0,0,0,0,0
distributed,7,4,2,40,Complete,true,300,0,1.017,2,0.000000,0.000000,0.000000,0.000000,15.490,15,20,1.098,8.926,0,0,0,0,0,0,0
distributed,7,4,2,80,Complete,true,300,0,1.013,2,0.000000,0.000000,0.000000,0.000000,17.843,18,22,1.594,14.284,0,0,0,0,0,0,0
distributed,7,4,2,160,Complete,true,300,0,1.020,2,0.000000,0.000000,0.000000,0.000000,19.260,19,23,2.125,19.549,0,0,0,0,0,0,0
distributed,7,4,2,320,Complete,true,300,0,1.003,1,0.000000,0.000000,0.000000,0.000000,20.003,20,23,2.585,17.762,0,0,0,0,0,0,0
distributed,7,4,2,640,Complete,true,300,0,1.013,2,0.000000,0.000000,0.000000,0.000000,19.970,20,23,3.662,24.529,0,0,0,0,0,0,0
distributed,8,4,2,10,Complete,true,300,0,1.000,1,0.000000,0.000000,0.000000,0.000000,7.447,8,10,1.195,5.196,0,0,0,0,0,0,0
distributed,8,4,2,20,Complete,true,300,0,1.000,1,0.000000,0.000000,0.000000,0.000000,13.580,14,18,1.860,6.006,0,0,0,0,0,0,0
distributed,8,4,2,40,Complete,true,300,0,1.023,2,0.000000,0.000000,0.000000,0.000000,17.270,17,22,2.107,12.027,0,0,0,0,0,0,0
distributed,8,4,2,80,Complete,true,300,0,1.037,2,0.000000,0.000000,0.000000,0.000000,20.357,20,24,2.981,28.819,0,0,0,0,0,0,0
distributed,8,4,2,160,Complete,true,300,0,1.057,2,0.000000,0.000000,0.000000,0.000000,22.183,22,26,4.535,29.401,0,0,0,0,0,0,0
distributed,8,4,2,320,Complete,true,300,0,1.033,2,0.000000,0.000000,0.000000,0.000000,23.067,23,26,5.413,36.375,0,0,0,0,0,0,0
distributed,8,4,2,640,Complete,true,300,0,1.027,2,0.000000,0.000000,0.000000,0.000000,23.347,23,27,6.309,40.802,0,0,0,0,0,0,0
distributed,9,4,2,10,Complete,true,300,0,1.000,1,0.000000,0.000000,0.000000,0.000000,7.583,8,10,2.696,5.790,0,0,0,0,0,0,0
distributed,9,4,2,20,Complete,true,300,0,1.007,1,0.000000,0.000000,0.000000,0.000000,14.297,14,18,2.767,10.236,0,0,0,0,0,0,0
distributed,9,4,2,40,Complete,true,300,0,1.013,2,0.000000,0.000000,0.000000,0.000000,18.830,19,24,4.281,24.472,0,0,0,0,0,0,0
distributed,9,4,2,80,Complete,true,300,0,1.037,2,0.000000,0.000000,0.000000,0.000000,22.423,22,28,6.302,47.671,0,0,0,0,0,0,0
distributed,9,4,2,160,Complete,true,300,0,1.033,2,0.000000,0.000000,0.000000,0.000000,25.027,25,29,7.316,99.230,0,0,0,0,0,0,0
distributed,9,4,2,320,Complete,true,300,0,1.023,2,0.000000,0.000000,0.000000,0.000000,26.257,26,30,9.397,101.358,0,0,0,0,0,0,0
distributed,9,4,2,640,Complete,true,300,0,1.037,2,0.000000,0.000000,0.000000,0.000000,26.743,27,30,12.649,115.230,0,0,0,0,0,0,0
distributed,10,4,2,10,Complete,true,300,0,1.000,1,0.000000,0.000000,0.000000,0.000000,7.830,8,10,4.252,10.418,0,0,0,0,0,0,0
distributed,10,4,2,20,Complete,true,300,0,1.010,1,0.000000,0.000000,0.000000,0.000000,15.070,15,19,5.865,12.476,0,0,0,0,0,0,0
distributed,10,4,2,40,Complete,true,300,0,1.030,2,0.000000,0.000000,0.000000,0.000000,20.410,21,26,7.844,70.085,0,0,0,0,0,0,0
distributed,10,4,2,80,Complete,true,300,0,1.060,2,0.000000,0.000000,0.000000,0.000000,24.513,25,29,10.731,87.922,0,0,0,0,0,0,0
distributed,10,4,2,160,Complete,true,300,0,1.053,2,0.000000,0.000000,0.000000,0.000000,27.623,28,32,17.120,160.100,0,0,0,0,0,0,0
distributed,10,4,2,320,Complete,true,300,0,1.060,3,0.000000,0.000000,0.000000,0.000000,29.313,29,33,19.951,257.095,0,0,0,0,0,0,0
distributed,10,4,2,640,Complete,true,300,0,1.053,2,0.000000,0.000000,0.000000,0.000000,29.993,30,34,21.533,184.676,0,0,0,0,0,0,0
distributed,11,4,2,10,Complete,true,300,0,1.000,1,0.000000,0.000000,0.000000,0.000000,7.857,8,10,8.438,18.394,0,0,0,0,0,0,0
distributed,11,4,2,20,Complete,true,300,0,1.007,1,0.000000,0.000000,0.000000,0.000000,15.447,16,20,9.275,20.359,0,0,0,0,0,0,0
distributed,11,4,2,40,Complete,true,300,0,1.070,2,0.000000,0.000000,0.000000,0.000000,22.160,22,27,13.020,77.684,0,0,0,0,0,0,0
distributed,11,4,2,80,Complete,true,300,0,1.057,2,0.000000,0.000000,0.000000,0.000000,26.637,27,32,19.959,159.148,0,0,0,0,0,0,0
distributed,11,4,2,160,Complete,true,300,0,1.057,2,0.000000,0.000000,0.000000,0.000000,30.013,30,36,26.362,389.800,0,0,0,0,0,0,0
distributed,11,4,2,320,Complete,true,300,0,1.077,2,0.000000,0.000000,0.000000,0.000000,32.273,32,36,34.560,312.262,0,0,0,0,0,0,0
distributed,11,4,2,640,Complete,true,300,0,1.057,2,0.000000,0.000000,0.000000,0.000000,33.193,33,37,39.891,441.354,0,0,0,0,0,0,0
distributed,2,5,1,10,Complete,true,300,0,1.070,2,0.000000,0.021807,0.000000,0.000000,3.613,4,6,0.014,0.045,0,0,0,0,0,0,0
distributed,2,5,1,20,Complete,true,300,0,1.133,2,0.000000,0.014706,0.000000,0.000000,4.183,4,7,0.018,0.041,0,0,0,0,0,0,0
distributed,2,5,1,40,Complete,true,300,0,1.170,2,0.000000,0.002849,0.000000,0.000000,4.600,5,8,0.026,0.058,0,0,0,0,0,0,0
distributed,2,5,1,80,Complete,true,300,0,1.177,3,0.000000,0.002833,0.000000,0.000000,4.707,5,8,0.053,0.145,0,0,0,0,0,0,0
distributed,2,5,1,160,Complete,true,300,0,1.170,3,0.000000,0.005698,0.000000,0.000000,4.867,5,8,0.084,0.248,0,0,0,0,0,0,0
distributed,2,5,1,320,Complete,true,300,0,1.140,3,0.000000,0.000000,0.000000,0.000000,4.870,5,8,0.110,0.366,0,0,0,0,0,0,0
distributed,2,5,1,640,Complete,true,300,0,1.157,3,0.000000,0.002882,0.000000,0.000000,4.753,5,8,0.274,0.820,0,0,0,0,0,0,0
distributed,3,5,1,10,Complete,true,300,0,1.087,2,0.000000,0.003067,0.000000,0.000000,5.180,5,9,0.038,0.098,0,0,0,0,0,0,0
distributed,3,5,1,20,Complete,true,300,0,1.263,3,0.000000,0.000000,0.000000,0.000000,6.243,6,10,0.050,0.138,0,0,0,0,0,0,0
distributed,3,5,1,40,Complete,true,300,0,1.370,4,0.000000,0.002433,0.000000,0.000000,7.263,7,11,0.071,0.195,0,0,0,0,0,0,0
distributed,3,5,1,80,Complete,true,300,0,1.633,5,0.000000,0.000000,0.000000,0.000000,8.193,8,12,0.113,0.423,0,0,0,0,0,0,0
distributed,3,5,1,160,Complete,true,300,0,1.650,5,0.000000,0.000000,0.000000,0.000000,8.760,9,12,0.175,0.684,0,0,0,0,0,0,0
distributed,3,5,1,320,Complete,true,300,0,1.653,6,0.000000,0.000000,0.000000,0.000000,8.850,9,12,0.252,1.223,0,0,0,0,0,0,0
distributed,3,5,1,640,Complete,true,300,0,1.733,6,0.000000,0.000000,0.000000,0.000000,8.880,9,13,0.346,3.839,0,0,0,0,0,0,0
distributed,4,5,1,10,Complete,true,300,0,1.067,2,0.000000,0.003125,0.000000,0.000000,6.427,7,10,0.054,0.091,0,0,0,0,0,0,0
distributed,4,5,1,20,Complete,true,300,0,1.357,4,0.000000,0.000000,0.000000,0.000000,7.983,8,12,0.080,0.218,0,0,0,0,0,0,0
distributed,4,5,1,40,Complete,true,300,0,1.857,6,0.000000,0.000000,0.000000,0.000000,9.267,9,14,0.112,0.331,0,0,0,0,0,0,0
distributed,4,5,1,80,Complete,true,300,0,2.157,9,0.000000,0.000000,0.000000,0.000000,10.687,11,15,0.169,0.715,0,0,0,0,0,0,0
distributed,4,5,1,160,Complete,true,300,0,2.803,13,0.000000,0.000000,0.000000,0.000000,11.897,12,16,0.321,1.977,0,0,0,0,0,0,0
distributed,4,5,1,320,Complete,true,300,0,3.007,12,0.000000,0.000000,0.000000,0.000000,12.693,13,17,0.561,3.211,0,0,0,0,0,0,0
distributed,4,5,1,640,Complete,true,300,0,3.010,13,0.000000,0.000000,0.000000,0.000000,13.000,13,16,0.913,5.768,0,0,0,0,0,0,0
distributed,5,5,1,10,Complete,true,300,0,1.043,2,0.000000,0.000000,0.000000,0.000000,7.320,8,10,0.133,0.210,0,0,0,0,0,0,0
distributed,5,5,1,20,Complete,true,300,0,1.320,3,0.000000,0.000000,0.000000,0.000000,9.490,9,14,0.180,0.529,0,0,0,0,0,0,0
distributed,5,5,1,40,Complete,true,300,0,1.923,6,0.000000,0.000000,0.000000,0.000000,11.293,11,15,0.257,1.023,0,0,0,0,0,0,0
distributed,5,5,1,80,Complete,true,300,0,3.253,11,0.000000,0.000000,0.000000,0.000000,12.960,13,18,0.437,1.975,0,0,0,0,0,0,0
distributed,5,5,1,160,Complete,true,300,0,4.510,19,0.000000,0.000000,0.000000,0.000000,14.617,15,19,0.677,5.233,0,0,0,0,0,0,0
distributed,5,5,1,320,Complete,true,300,0,5.460,20,0.000000,0.000000,0.000000,0.000000,16.067,16,20,1.404,7.104,0,0,0,0,0,0,0
distributed,5,5,1,640,Complete,true,300,0,5.477,21,0.000000,0.000000,0.000000,0.000000,17.063,17,21,2.680,14.816,0,0,0,0,0,0,0
distributed,6,5,1,10,Complete,true,300,0,1.017,2,0.000000,0.000000,0.000000,0.000000,7.923,8,10,0.250,0.382,0,0,0,0,0,0,0
distributed,6,5,1,20,Complete,true,300,0,1.357,4,0.000000,0.000000,0.000000,0.000000,10.967,11,15,0.339,1.108,0,0,0,0,0,0,0
distributed,6,5,1,40,Complete,true,300,0,2.423,8,0.000000,0.000000,0.000000,0.000000,12.823,13,18,0.506,1.550,0,0,0,0,0,0,0
distributed,6,5,1,80,Complete,true,300,0,4.210,19,0.000000,0.000000,0.000000,0.000000,14.950,15,20,0.821,3.518,0,0,0,0,0,0,0
distributed,6,5,1,160,Complete,true,300,0,7.567,30,0.000000,0.000000,0.000000,0.000000,16.963,17,23,1.609,8.889,0,0,0,0,0,0,0
distributed,6,5,1,320,Complete,true,300,0,11.593,59,0.000000,0.000000,0.000000,0.000000,19.193,19,24,4.065,25.499,0,0,0,0,0,0,0
distributed,6,5,1,640,Complete,true,300,0,13.707,60,0.000000,0.000000,0.000000,0.000000,20.553,21,25,7.884,55.593,0,0,0,0,0,0,0
distributed,7,5,1,10,Complete,true,300,0,1.013,2,0.000000,0.000000,0.000000,0.000000,8.347,9,10,0.343,0.770,0,0,0,0,0,0,0
distributed,7,5,1,20,Complete,true,300,0,1.320,4,0.000000,0.000000,0.000000,0.000000,12.553,13,17,0.461,3.058,0,0,0,0,0,0,0
distributed,7,5,1,40,Complete,true,300,0,2.567,10,0.000000,0.000000,0.000000,0.000000,14.327,14,20,0.669,3.535,0,0,0,0,0,0,0
distributed,7,5,1,80,Complete,true,300,0,5.693,21,0.000000,0.000000,0.000000,0.000000,16.567,17,22,1.484,7.109,0,0,0,0,0,0,0
distributed,7,5,1,160,Complete,true,300,0,12.430,59,0.000000,0.000000,0.000000,0.000000,19.233,19,25,3.136,19.817,0,0,0,0,0,0,0
distributed,7,5,1,320,Complete,true,300,0,25.783,98,0.000000,0.000000,0.000000,0.000000,21.263,21,26,10.850,53.108,0,0,0,0,0,0,0
distributed,7,5,1,640,Complete,true,300,0,35.153,170,0.000000,0.000000,0.000000,0.000000,23.890,24,28,24.736,166.781,0,0,0,0,0,0,0
distributed,8,5,1,10,Complete,true,300,0,1.000,1,0.000000,0.000000,0.000000,0.000000,8.503,9,10,0.643,2.201,0,0,0,0,0,0,0
distributed,8,5,1,20,Complete,true,300,0,1.300,4,0.000000,0.000000,0.000000,0.000000,13.577,14,17,0.926,2.307,0,0,0,0,0,0,0
distributed,8,5,1,40,Complete,true,300,0,2.467,9,0.000000,0.000000,0.000000,0.000000,15.930,16,22,1.148,3.389,0,0,0,0,0,0,0
distributed,8,5,1,80,Complete,true,300,0,6.217,23,0.000000,0.000000,0.000000,0.000000,18.187,18,24,2.581,10.778,0,0,0,0,0,0,0
distributed,8,5,1,160,Complete,true,300,0,19.667,95,0.000000,0.000000,0.000000,0.000000,20.980,21,27,6.829,49.709,0,0,0,0,0,0,0
distributed,8,5,1,320,Complete,true,300,0,45.047,167,0.000000,0.000000,0.000000,0.000000,24.083,24,30,19.973,113.642,0,0,0,0,0,0,0
distributed,8,5,1,640,Complete,true,300,0,99.420,488,0.000000,0.000000,0.000000,0.000000,26.653,27,32,83.265,595.855,0,0,0,0,0,0,0
distributed,2,5,2,10,Complete,true,300,0,1.013,2,0.000000,0.013158,0.000000,0.000000,3.617,4,7,0.032,0.078,0,0,0,0,0,0,0
distributed,2,5,2,20,Complete,true,300,0,1.000,1,0.000000,0.000000,0.000000,0.000000,4.347,4,8,0.036,0.083,0,0,0,0,0,0,0
distributed,2,5,2,40,Complete,true,300,0,1.000,1,0.000000,0.000000,0.000000,0.000000,4.707,5,8,0.051,0.098,0,0,0,0,0,0,0
distributed,2,5,2,80,Complete,true,300,0,1.003,1,0.000000,0.003322,0.000000,0.000000,5.017,5,8,0.075,0.164,0,0,0,0,0,0,0
distributed,2,5,2,160,Complete,true,300,0,1.003,1,0.000000,0.003322,0.000000,0.000000,4.957,5,8,0.122,0.273,0,0,0,0,0,0,0
distributed,2,5,2,320,Complete,true,300,0,1.003,1,0.000000,0.003322,0.000000,0.000000,4.883,5,8,0.218,0.396,0,0,0,0,0,0,0
distributed,2,5,2,640,Complete,true,300,0,1.000,1,0.000000,0.000000,0.000000,0.000000,4.813,5,8,0.410,1.014,0,0,0,0,0,0,0
distributed,3,5,2,10,Complete,true,300,0,1.003,1,0.000000,0.003322,0.000000,0.000000,5.257,5,8,0.052,0.147,0,0,0,0,0,0,0
distributed,3,5,2,20,Complete,true,300,0,1.000,1,0.000000,0.000000,0.000000,0.000000,6.887,7,10,0.074,0.225,0,0,0,0,0,0,0
distributed,3,5,2,40,Complete,true,300,0,1.000,1,0.000000,0.000000,0.000000,0.000000,7.860,8,11,0.103,0.304,0,0,0,0,0,0,0
distributed,3,5,2,80,Complete,true,300,0,1.000,1,0.000000,0.000000,0.000000,0.000000,8.820,9,12,0.152,0.618,0,0,0,0,0,0,0
distributed,3,5,2,160,Complete,true,300,0,1.000,1,0.000000,0.000000,0.000000,0.000000,9.073,9,12,0.217,1.127,0,0,0,0,0,0,0
distributed,3,5,2,320,Complete,true,300,0,1.000,1,0.000000,0.000000,0.000000,0.000000,8.947,9,12,0.336,0.751,0,0,0,0,0,0,0
distributed,3,5,2,640,Complete,true,300,0,1.000,1,0.000000,0.000000,0.000000,0.000000,8.957,9,13,0.844,1.691,0,0,0,0,0,0,0
distributed,4,5,2,10,Complete,true,300,0,1.000,1,0.000000,0.000000,0.000000,0.000000,6.300,6,10,0.125,0.294,0,0,0,0,0,0,0
distributed,4,5,2,20,Complete,true,300,0,1.000,1,0.000000,0.000000,0.000000,0.000000,9.007,9,13,0.166,1.083,0,0,0,0,0,0,0
distributed,4,5,2,40,Complete,true,300,0,1.000,1,0.000000,0.000000,0.000000,0.000000,10.720,11,14,0.202,1.490,0,0,0,0,0,0,0
distributed,4,5,2,80,Complete,true,300,0,1.000,1,0.000000,0.000000,0.000000,0.000000,12.143,12,16,0.271,1.368,0,0,0,0,0,0,0
distributed,4,5,2,160,Complete,true,300,0,1.000,1,0.000000,0.000000,0.000000,0.000000,12.997,13,16,0.362,1.614,0,0,0,0,0,0,0
distributed,4,5,2,320,Complete,true,300,0,1.003,1,0.000000,0.000000,0.000000,0.000000,13.287,13,18,0.544,2.648,0,0,0,0,0,0,0
distributed,4,5,2,640,Complete,true,300,0,1.000,1,0.000000,0.000000,0.000000,0.000000,13.470,14,17,0.849,2.610,0,0,0,0,0,0,0
distributed,5,5,2,10,Complete,true,300,0,1.000,1,0.000000,0.000000,0.000000,0.000000,7.197,7,10,0.186,0.498,0,0,0,0,0,0,0
distributed,5,5,2,20,Complete,true,300,0,1.000,1,0.000000,0.000000,0.000000,0.000000,10.923,11,15,0.320,2.049,0,0,0,0,0,0,0
distributed,5,5,2,40,Complete,true,300,0,1.000,1,0.000000,0.000000,0.000000,0.000000,13.220,13,18,0.422,4.749,0,0,0,0,0,0,0
distributed,5,5,2,80,Complete,true,300,0,1.010,1,0.000000,0.000000,0.000000,0.000000,15.180,15,20,0.523,4.465,0,0,0,0,0,0,0
distributed,5,5,2,160,Complete,true,300,0,1.000,1,0.000000,0.000000,0.000000,0.000000,16.657,17,21,0.713,5.750,0,0,0,0,0,0,0
distributed,5,5,2,320,Complete,true,300,0,1.000,1,0.000000,0.000000,0.000000,0.000000,17.410,17,21,1.252,8.438,0,0,0,0,0,0,0
distributed,5,5,2,640,Complete,true,300,0,1.000,1,0.000000,0.000000,0.000000,0.000000,17.487,18,21,1.505,8.917,0,0,0,0,0,0,0
distributed,6,5,2,10,Complete,true,300,0,1.000,1,0.000000,0.000000,0.000000,0.000000,7.603,8,10,0.359,0.855,0,0,0,0,0,0,0
distributed,6,5,2,20,Complete,true,300,0,1.003,1,0.000000,0.000000,0.000000,0.000000,12.490,12,17,0.517,3.743,0,0,0,0,0,0,0
distributed,6,5,2,40,Complete,true,300,0,1.000,1,0.000000,0.000000,0.000000,0.000000,15.363,15,20,0.754,9.059,0,0,0,0,0,0,0
distributed,6,5,2,80,Complete,true,300,0,1.000,1,0.000000,0.000000,0.000000,0.000000,18.127,18,23,1.271,15.146,0,0,0,0,0,0,0
distributed,6,5,2,160,Complete,true,300,0,1.007,1,0.000000,0.000000,0.000000,0.000000,20.067,20,25,1.589,27.062,0,0,0,0,0,0,0
distributed,6,5,2,320,Complete,true,300,0,1.007,1,0.000000,0.000000,0.000000,0.000000,21.160,21,25,2.112,15.622,0,0,0,0,0,0,0
distributed,6,5,2,640,Complete,true,300,0,1.007,1,0.000000,0.000000,0.000000,0.000000,21.880,22,25,3.178,31.462,0,0,0,0,0,0,0
distributed,7,5,2,10,Complete,true,300,0,1.000,1,0.000000,0.000000,0.000000,0.000000,7.790,8,10,0.662,1.102,0,0,0,0,0,0,0
distributed,7,5,2,20,Complete,true,300,0,1.003,1,0.000000,0.000000,0.000000,0.000000,13.590,14,17,0.874,4.444,0,0,0,0,0,0,0
distributed,7,5,2,40,Complete,true,300,0,1.007,1,0.000000,0.000000,0.000000,0.000000,17.377,18,22,1.576,17.171,0,0,0,0,0,0,0
distributed,7,5,2,80,Complete,true,300,0,1.007,1,0.000000,0.000000,0.000000,0.000000,20.673,21,26,2.334,39.515,0,0,0,0,0,0,0
distributed,7,5,2,160,Complete,true,300,0,1.023,2,0.000000,0.000000,0.000000,0.000000,23.237,23,28,3.930,86.832,0,0,0,0,0,0,0
distributed,7,5,2,320,Complete,true,300,0,1.013,2,0.000000,0.000000,0.000000,0.000000,24.843,25,29,6.057,84.587,0,0,0,0,0,0,0
distributed,7,5,2,640,Complete,true,300,0,1.020,2,0.000000,0.000000,0.000000,0.000000,25.830,26,30,6.965,67.292,0,0,0,0,0,0,0
distributed,8,5,2,10,Complete,true,300,0,1.003,1,0.000000,0.000000,0.000000,0.000000,7.980,8,10,1.371,3.499,0,0,0,0,0,0,0
distributed,8,5,2,20,Complete,true,300,0,1.003,1,0.000000,0.000000,0.000000,0.000000,14.663,15,18,1.555,6.252,0,0,0,0,0,0,0
distributed,8,5,2,40,Complete,true,300,0,1.007,1,0.000000,0.000000,0.000000,0.000000,19.287,19,25,2.481,28.249,0,0,0,0,0,0,0
distributed,8,5,2,80,Complete,true,300,0,1.010,1,0.000000,0.000000,0.000000,0.000000,23.000,23,29,4.731,71.103,0,0,0,0,0,0,0
distributed,8,5,2,160,Complete,true,300,0,1.020,2,0.000000,0.000000,0.000000,0.000000,26.143,26,31,8.530,142.721,0,0,0,0,0,0,0
distributed,8,5,2,320,Complete,true,300,0,1.010,1,0.000000,0.000000,0.000000,0.000000,28.713,29,33,12.579,215.598,0,0,0,0,0,0,0
distributed,8,5,2,640,Complete,true,300,0,1.017,2,0.000000,0.000000,0.000000,0.000000,29.880,30,34,18.531,379.942,0,0,0,0,0,0,0
