generator,n_colors,capacity,n_empty,status,supported,samples,failed,attempts_total,rate_unsolvable,rate_timeout,rate_below_min_opt,rate_already_solved,attempts_mean,attempts_p50,attempts_p99,opt_mean,opt_p50,opt_p99,symmetric_frac,states_p50,states_p99,solve_ms_p50,solve_ms_p99,accepted_solve_ms_p99,gen_ms_p50,gen_ms_p99,wall_secs,opt_hist
uniform,2,3,1,complete,true,1000,0,1120,0.069643,0.000000,0.000000,0.037500,1.120,1,3,2.960,3,5,0.1240,3,6,0.005,0.021,0.021,0.028,0.087,0.0,1:62 2:250 3:381 4:280 5:27
uniform,3,3,1,complete,true,1000,0,1306,0.234303,0.000000,0.000000,0.000000,1.306,1,3,5.031,5,7,0.0610,5,13,0.013,0.041,0.042,0.064,0.257,0.0,1:3 2:25 3:66 4:195 5:368 6:247 7:90 8:6
uniform,4,3,1,complete,true,1000,0,1873,0.466097,0.000000,0.000000,0.000000,1.873,1,6,7.241,7,10,0.0320,8,26,0.027,0.078,0.095,0.121,0.395,0.1,2:2 3:4 4:15 5:64 6:147 7:353 8:259 9:140 10:16
uniform,5,3,1,complete,true,1000,0,2811,0.644255,0.000000,0.000000,0.000000,2.811,2,10,9.385,10,12,0.0300,10,45,0.015,0.195,0.280,0.283,1.040,0.1,4:1 5:3 6:19 7:65 8:160 9:248 10:304 11:157 12:41 13:2
uniform,6,3,1,complete,true,1000,0,4294,0.767117,0.000000,0.000000,0.000000,4.294,3,17,11.531,12,14,0.0220,12,66,0.015,0.320,0.406,0.507,1.492,0.2,7:7 8:14 9:52 10:155 11:233 12:282 13:195 14:60 15:2
uniform,7,3,1,complete,true,1000,0,7819,0.872106,0.000000,0.000000,0.000000,7.819,5,32,13.795,14,16,0.0210,12,92,0.014,0.626,1.845,0.966,3.273,0.4,9:4 10:5 11:47 12:117 13:217 14:281 15:241 16:78 17:10
uniform,8,3,1,complete,true,1000,0,12635,0.920855,0.000000,0.000000,0.000000,12.635,9,50,16.000,16,19,0.0120,11,119,0.015,1.157,1.934,1.822,4.452,0.8,11:2 12:9 13:39 14:92 15:191 16:288 17:250 18:102 19:24 20:3
uniform,9,3,1,complete,true,1000,0,24482,0.959154,0.000000,0.000000,0.000000,24.482,17,106,18.093,18,21,0.0160,10,155,0.012,1.679,3.057,2.731,7.458,1.1,13:1 14:7 15:38 16:85 17:201 18:258 19:246 20:132 21:27 22:5
uniform,10,3,1,complete,true,1000,0,41905,0.976136,0.000000,0.000000,0.000000,41.905,29,180,20.297,20,23,0.0120,10,195,0.013,2.431,5.478,4.463,11.909,1.9,16:10 17:31 18:83 19:171 20:219 21:271 22:157 23:50 24:8
uniform,11,3,1,complete,true,1000,0,81447,0.987722,0.000000,0.000000,0.000000,81.447,56,407,22.456,23,26,0.0100,9,228,0.014,3.522,9.270,8.571,33.161,3.4,17:4 18:9 19:23 20:71 21:142 22:219 23:283 24:176 25:62 26:11
uniform,12,3,1,complete,true,1000,0,155666,0.993576,0.000000,0.000000,0.000000,155.666,104,708,24.609,25,28,0.0100,9,270,0.014,0.673,15.674,15.361,49.530,6.4,18:1 19:3 20:9 21:22 22:54 23:136 24:212 25:261 26:207 27:80 28:14 29:1
uniform,2,3,2,complete,true,1000,0,1019,0.000000,0.000000,0.000000,0.018646,1.019,1,2,3.050,3,5,0.2890,3,5,0.010,0.026,0.026,0.069,0.134,0.0,1:49 2:219 3:382 4:333 5:17
uniform,3,3,2,complete,true,1000,0,1000,0.000000,0.000000,0.000000,0.000000,1.000,1,1,5.201,5,7,0.1940,6,15,0.033,0.107,0.107,0.178,0.362,0.1,1:1 2:11 3:66 4:186 5:297 6:328 7:105 8:6
uniform,4,3,2,complete,true,1000,0,1000,0.000000,0.000000,0.000000,0.000000,1.000,1,1,7.469,8,10,0.1410,9,63,0.086,0.223,0.223,0.382,0.799,0.2,2:1 3:4 4:12 5:60 6:127 7:267 8:312 9:190 10:27
uniform,5,3,2,complete,true,1000,0,1003,0.002991,0.000000,0.000000,0.000000,1.003,1,1,9.703,10,12,0.1210,16,200,0.201,0.585,0.585,0.773,1.547,0.3,4:1 5:3 6:12 7:32 8:123 9:223 10:331 11:217 12:54 13:4
uniform,6,3,2,complete,true,1000,0,1006,0.005964,0.000000,0.000000,0.000000,1.006,1,1,11.992,12,14,0.1020,36,517,0.471,1.771,1.771,1.394,3.340,0.5,7:1 8:11 9:33 10:77 11:208 12:283 13:280 14:99 15:8
uniform,7,3,2,complete,true,1000,0,1016,0.015748,0.000000,0.000000,0.000000,1.016,1,2,14.180,14,17,0.0770,86,1103,0.850,3.472,3.472,2.053,5.063,0.8,9:1 10:6 11:28 12:72 13:177 14:280 15:281 16:132 17:23
uniform,8,3,2,complete,true,1000,0,1029,0.028183,0.000000,0.000000,0.000000,1.029,1,2,16.580,17,19,0.0770,245,2563,1.724,7.503,7.503,3.122,9.794,1.2,11:2 12:4 13:12 14:54 15:134 16:246 17:290 18:184 19:70 20:4
uniform,9,3,2,complete,true,1000,0,1056,0.053030,0.000000,0.000000,0.000000,1.056,1,2,18.911,19,22,0.0550,419,5490,4.021,17.591,17.591,6.366,20.867,2.6,14:1 15:13 16:41 17:107 18:211 19:262 20:240 21:101 22:22 23:2
uniform,10,3,2,complete,true,1000,0,1064,0.060150,0.000000,0.000000,0.000000,1.064,1,2,21.200,21,24,0.0420,967,9315,7.819,33.452,33.452,10.692,36.431,4.4,16:2 17:12 18:24 19:85 20:167 21:264 22:263 23:150 24:28 25:5
uniform,11,3,2,complete,true,1000,0,1096,0.087591,0.000000,0.000000,0.000000,1.096,1,2,23.449,24,27,0.0400,1603,21539,13.703,76.437,76.437,18.037,79.839,8.3,18:2 19:5 20:22 21:73 22:141 23:255 24:261 25:164 26:65 27:12
uniform,12,3,2,complete,true,1000,0,1118,0.105546,0.000000,0.000000,0.000000,1.118,1,3,25.796,26,29,0.0480,2688,39568,24.257,130.456,134.466,29.580,141.623,13.8,21:5 22:18 23:57 24:127 25:207 26:233 27:212 28:113 29:25 30:3
uniform,2,4,1,complete,true,1000,0,1131,0.110522,0.000000,0.000000,0.005305,1.131,1,3,3.997,4,7,0.1040,4,7,0.007,0.022,0.026,0.042,0.151,0.0,1:24 2:80 3:253 4:298 5:224 6:105 7:16
uniform,3,4,1,complete,true,1000,0,1539,0.350227,0.000000,0.000000,0.000000,1.539,1,5,7.294,7,10,0.0360,8,27,0.022,0.055,0.057,0.131,0.406,0.1,3:4 4:35 5:58 6:182 7:269 8:242 9:163 10:43 11:4
uniform,4,4,1,complete,true,1000,0,2295,0.564270,0.000000,0.000000,0.000000,2.295,2,8,10.527,11,14,0.0070,12,58,0.027,0.111,0.147,0.270,0.949,0.1,5:3 6:6 7:20 8:74 9:148 10:230 11:235 12:184 13:81 14:19
uniform,5,4,1,complete,true,1000,0,4303,0.767604,0.000000,0.000000,0.000000,4.303,3,20,13.698,14,17,0.0030,17,95,0.020,0.185,0.275,0.552,1.392,0.2,7:1 8:3 9:4 10:11 11:64 12:157 13:192 14:234 15:217 16:86 17:28 18:3
uniform,6,4,1,complete,true,1000,0,8839,0.886865,0.000000,0.000000,0.000000,8.839,6,39,16.836,17,20,0.0030,20,138,0.027,0.445,0.567,1.245,3.764,0.5,11:1 12:12 13:23 14:53 15:108 16:189 17:259 18:193 19:123 20:37 21:2
uniform,7,4,1,complete,true,1000,0,20863,0.952068,0.000000,0.000000,0.000000,20.863,15,98,20.123,20,24,0.0010,21,189,0.026,0.669,0.988,2.142,6.808,0.9,13:1 14:3 15:5 16:27 17:45 18:85 19:170 20:209 21:225 22:171 23:48 24:10 25:1
uniform,8,4,1,complete,true,1000,0,46734,0.978602,0.000000,0.000000,0.000000,46.734,32,223,23.271,23,27,0.0000,22,243,0.029,0.986,2.836,4.228,17.285,1.7,17:2 18:4 19:14 20:45 21:81 22:167 23:217 24:225 25:157 26:71 27:14 28:3
uniform,9,4,1,complete,true,1000,0,130643,0.992346,0.000000,0.000000,0.000000,130.643,97,580,26.433,27,30,0.0000,22,299,0.031,0.852,3.687,10.151,51.553,4.6,21:3 22:13 23:48 24:77 25:135 26:212 27:225 28:181 29:79 30:26 31:1
uniform,10,4,1,complete,false,1000,0,363233,0.997247,0.000000,0.000000,0.000000,363.233,270,1585,29.632,30,33,0.0000,22,363,0.032,0.743,6.425,27.249,152.076,14.1,22:1 23:1 24:2 25:14 26:26 27:78 28:124 29:193 30:235 31:187 32:101 33:34 34:3 35:1
uniform,11,4,1,complete,false,1000,0,1034957,0.999034,0.000000,0.000000,0.000000,1034.957,743,4700,32.759,33,36,0.0000,22,422,0.034,0.836,9.462,78.046,495.795,42.1,25:1 26:2 27:2 28:8 29:30 30:63 31:122 32:180 33:226 34:213 35:115 36:29 37:9
uniform,12,4,1,stopped:failures,false,256,11,800167,0.999694,0.000000,0.000000,0.000000,3125.652,2395,10000,35.673,36,40,0.0000,23,488,0.037,1.045,15.438,306.564,1262.676,33.3,29:2 30:1 31:5 32:8 33:17 34:36 35:41 36:40 37:49 38:29 39:14 40:3
uniform,2,4,2,complete,true,1000,0,1001,0.000000,0.000000,0.000000,0.000999,1.001,1,1,4.099,4,6,0.2130,4,9,0.018,0.045,0.045,0.104,0.204,0.0,1:15 2:70 3:210 4:323 5:275 6:102 7:5
uniform,3,4,2,complete,true,1000,0,1000,0.000000,0.000000,0.000000,0.000000,1.000,1,1,7.314,7,10,0.1170,9,49,0.062,0.181,0.181,0.308,0.541,0.1,3:8 4:23 5:68 6:149 7:274 8:289 9:156 10:33
uniform,4,4,2,complete,true,1000,0,1000,0.000000,0.000000,0.000000,0.000000,1.000,1,1,10.613,11,13,0.0640,17,394,0.158,1.153,1.153,0.702,2.095,0.3,4:1 5:1 6:3 7:19 8:51 9:145 10:218 11:282 12:192 13:78 14:10
uniform,5,4,2,complete,true,1000,0,1007,0.006951,0.000000,0.000000,0.000000,1.007,1,1,13.829,14,17,0.0470,46,1005,0.356,2.417,2.417,1.288,3.805,0.5,9:6 10:14 11:40 12:114 13:218 14:258 15:234 16:102 17:13 18:1
uniform,6,4,2,complete,true,1000,0,1007,0.006951,0.000000,0.000000,0.000000,1.007,1,1,17.124,17,20,0.0350,203,2985,0.822,7.051,7.051,2.126,8.521,0.9,13:14 14:33 15:103 16:171 17:259 18:234 19:139 20:44 21:3
uniform,7,4,2,complete,true,1000,0,1021,0.020568,0.000000,0.000000,0.000000,1.021,1,2,20.411,21,23,0.0240,584,8868,2.015,17.774,17.774,3.667,19.859,1.8,14:3 15:3 16:9 17:26 18:71 19:145 20:233 21:254 22:186 23:62 24:7 25:1
uniform,8,4,2,complete,true,1000,0,1029,0.028183,0.000000,0.000000,0.000000,1.029,1,2,23.698,24,27,0.0170,1406,19812,4.820,57.033,57.033,7.303,59.793,3.8,17:1 18:1 19:10 20:22 21:52 22:146 23:190 24:266 25:167 26:117 27:26 28:2
uniform,9,4,2,complete,true,1000,0,1035,0.033816,0.000000,0.000000,0.000000,1.035,1,2,27.055,27,30,0.0150,2818,42549,9.398,121.276,121.276,12.817,125.659,7.6,22:4 23:13 24:55 25:100 26:169 27:242 28:232 29:130 30:51 31:4
uniform,10,4,2,complete,true,1000,0,1053,0.050332,0.000000,0.000000,0.000000,1.053,1,2,30.314,30,34,0.0070,5321,70404,20.127,221.759,221.759,25.085,225.596,16.3,25:4 26:20 27:40 28:89 29:158 30:204 31:221 32:168 33:75 34:17 35:4
uniform,11,4,2,complete,true,1000,0,1069,0.064546,0.000000,0.000000,0.000000,1.069,1,2,33.684,34,37,0.0080,10507,159012,38.532,536.054,536.054,45.306,540.640,29.5,27:1 28:8 29:10 30:22 31:68 32:143 33:188 34:227 35:180 36:96 37:47 38:9 40:1
uniform,12,4,2,complete,true,1000,0,1099,0.090082,0.000000,0.000000,0.000000,1.099,1,2,36.966,37,41,0.0080,14634,266374,59.177,903.560,903.560,73.746,907.838,52.3,30:2 32:7 33:24 34:49 35:119 36:173 37:224 38:209 39:132 40:50 41:10 43:1
uniform,2,5,1,complete,true,1000,0,1097,0.088423,0.000000,0.000000,0.000000,1.097,1,2,5.094,5,8,0.0340,5,12,0.010,0.033,0.033,0.059,0.213,0.0,1:7 2:23 3:101 4:193 5:286 6:235 7:116 8:37 9:2
uniform,3,5,1,complete,true,1000,0,1626,0.384994,0.000000,0.000000,0.000000,1.626,1,6,9.492,10,13,0.0030,11,44,0.026,0.105,0.122,0.206,0.625,0.1,5:15 6:30 7:71 8:149 9:205 10:248 11:182 12:80 13:19 14:1
uniform,4,5,1,complete,true,1000,0,2784,0.640805,0.000000,0.000000,0.000000,2.784,2,10,13.653,14,17,0.0030,19,103,0.030,0.155,0.210,0.420,1.112,0.2,8:1 9:10 10:33 11:75 12:122 13:186 14:240 15:195 16:115 17:21 18:2
uniform,5,5,1,complete,true,1000,0,5638,0.822632,0.000000,0.000000,0.000000,5.638,4,23,17.887,18,22,0.0000,29,182,0.037,0.345,0.478,0.969,2.621,0.4,10:1 12:3 13:9 14:24 15:73 16:117 17:180 18:190 19:203 20:138 21:41 22:20 23:1
uniform,6,5,1,complete,true,1000,0,15010,0.933378,0.000000,0.000000,0.000000,15.010,11,64,22.062,22,26,0.0020,34,264,0.039,0.466,0.690,1.788,5.997,0.7,15:2 16:7 17:10 18:30 19:40 20:101 21:172 22:187 23:217 24:152 25:68 26:13 27:1
uniform,7,5,1,complete,true,1000,0,44102,0.977325,0.000000,0.000000,0.000000,44.102,31,196,26.306,26,30,0.0000,38,377,0.049,0.804,1.441,4.904,23.367,2.4,20:3 21:2 22:21 23:41 24:96 25:153 26:194 27:224 28:170 29:66 30:26 31:4
uniform,8,5,1,complete,true,1000,0,155051,0.993551,0.000000,0.000000,0.000000,155.051,104,724,30.407,31,34,0.0000,40,493,0.053,0.994,2.417,14.618,88.862,7.7,23:1 24:1 25:9 26:15 27:52 28:83 29:130 30:208 31:204 32:167 33:89 34:33 35:8
